<?xml version="1.0" encoding="UTF-8" standalone="no"?>
<!DOCTYPE properties SYSTEM "http://java.sun.com/dtd/properties.dtd">
<properties>
	<entry key="insertMember">
		INSERT INTO MEMBER 
		VALUES(SEQ_USERNO.NEXTVAL, ?, ?, ?, ?, ?, ?, ?, ?, ?, SYSDATE)
	</entry>
	<entry key="selectList">
		SELECT * 
		FROM MEMBER 
		ORDER BY USERNAME
	</entry>
	<entry key="updateMember">
		UPDATE MEMBER 
		SET USERPWD = ?,
			EMAIL = ?,
			PHONE = ?,
			ADDRESS = ?
		WHERE USERID = ?
	</entry>
	<entry key="deleteMember">
		DELETE 
		FROM MEMBER 
		WHERE USERID = ?
	</entry>
	<entry key="selectByUserId">
		SELECT *  
		FROM MEMBER 
		WHERE USERID = ?
	</entry>
	<entry key="selectByUserName">
		SELECT * 
		FROM MEMBER 
		WHERE USERNAME 
		LIKE '%' || ? || '%'
	</entry>
</properties>
